<annotation>
	<folder>bottle</folder>
	<filename>bottle.86e04cfe-73d1-11ed-8dee-1dc9d5a56cbb.jpg</filename>
	<path>/home/arson/Documents/tf/tfod/TensorFlow/workspace/images/collectedImages/bottle/bottle.86e04cfe-73d1-11ed-8dee-1dc9d5a56cbb.jpg</path>
	<source>
		<database>Unknown</database>
	</source>
	<size>
		<width>640</width>
		<height>480</height>
		<depth>3</depth>
	</size>
	<segmented>0</segmented>
	<object>
		<name>bottle</name>
		<pose>Unspecified</pose>
		<truncated>1</truncated>
		<difficult>0</difficult>
		<bndbox>
			<xmin>236</xmin>
			<ymin>131</ymin>
			<xmax>343</xmax>
			<ymax>480</ymax>
		</bndbox>
	</object>
</annotation>
